USE [MMTShop]
GO
SET IDENTITY_INSERT [dbo].[Category] ON 
GO
INSERT [dbo].[Category] ([CategoryId], [Name], [Description], [ProductSKURange]) VALUES (1, N'Home', N'All SKU''''s in the range 1xxxx', N'1xxxx')
GO
INSERT [dbo].[Category] ([CategoryId], [Name], [Description], [ProductSKURange]) VALUES (2, N'Garden', N'All SKU''''s in the range 2xxxx', N'2xxxx')
GO
INSERT [dbo].[Category] ([CategoryId], [Name], [Description], [ProductSKURange]) VALUES (3, N'Electronics', N'All SKU''''s in the range 3xxxx', N'3xxxx')
GO
INSERT [dbo].[Category] ([CategoryId], [Name], [Description], [ProductSKURange]) VALUES (4, N'Fitness', N'All SKU''''s in the range 4xxxx', N'4xxxx')
GO
INSERT [dbo].[Category] ([CategoryId], [Name], [Description], [ProductSKURange]) VALUES (5, N'Toys', N'All SKU''''s in the range 5xxxx', N'5xxxx')
GO
SET IDENTITY_INSERT [dbo].[Category] OFF
GO
INSERT [dbo].[Product] ([ProductId], [SKU], [Name], [Description], [Price], [CategoryId]) VALUES (N'1700a7ad-2540-4f02-a51b-04d362e652a3', 40027, N'Product 40027', N'Product Description Autogenerated 40027', 1500.0000, 4)
GO
INSERT [dbo].[Product] ([ProductId], [SKU], [Name], [Description], [Price], [CategoryId]) VALUES (N'976c7972-844c-4cf6-84e4-060f7bea5add', 20007, N'Product 20007', N'Product Description Autogenerated 20007', 1500.0000, 2)
GO
INSERT [dbo].[Product] ([ProductId], [SKU], [Name], [Description], [Price], [CategoryId]) VALUES (N'5ac9a1d7-416b-4aa0-aacc-0a42ced918b6', 20022, N'Product 20022', N'Product Description Autogenerated 20022', 1500.0000, 2)
GO
INSERT [dbo].[Product] ([ProductId], [SKU], [Name], [Description], [Price], [CategoryId]) VALUES (N'cf495db6-edf3-4259-b223-0d656c66c093', 40001, N'Product 40001', N'Product Description Autogenerated 40001', 1500.0000, 4)
GO
INSERT [dbo].[Product] ([ProductId], [SKU], [Name], [Description], [Price], [CategoryId]) VALUES (N'f793db60-a611-4d1e-b161-0de847765cf5', 20001, N'Product 20001', N'Product Description Autogenerated 20001', 1500.0000, 2)
GO
INSERT [dbo].[Product] ([ProductId], [SKU], [Name], [Description], [Price], [CategoryId]) VALUES (N'13f6c0e6-ede5-4dfe-b60c-0fa5a204a1f9', 30016, N'Product 30016', N'Product Description Autogenerated 30016', 1500.0000, 3)
GO
INSERT [dbo].[Product] ([ProductId], [SKU], [Name], [Description], [Price], [CategoryId]) VALUES (N'1bf49e82-97bb-4e80-a11b-0fd829061662', 10045, N'Product 10045', N'Product Description Autogenerated 10045', 1500.0000, 1)
GO
INSERT [dbo].[Product] ([ProductId], [SKU], [Name], [Description], [Price], [CategoryId]) VALUES (N'd1a02d53-199a-4935-bfd5-10249a6383b5', 10034, N'Product 10034', N'Product Description Autogenerated 10034', 1500.0000, 1)
GO
INSERT [dbo].[Product] ([ProductId], [SKU], [Name], [Description], [Price], [CategoryId]) VALUES (N'85f5f40b-51f3-4acd-af38-104a86c87c4e', 20028, N'Product 20028', N'Product Description Autogenerated 20028', 1500.0000, 2)
GO
INSERT [dbo].[Product] ([ProductId], [SKU], [Name], [Description], [Price], [CategoryId]) VALUES (N'8ea833ec-14dd-4861-aa78-107dc1496960', 40012, N'Product 40012', N'Product Description Autogenerated 40012', 1500.0000, 4)
GO
INSERT [dbo].[Product] ([ProductId], [SKU], [Name], [Description], [Price], [CategoryId]) VALUES (N'9749df17-fd1b-4daa-9847-121c7a5d272a', 40015, N'Product 40015', N'Product Description Autogenerated 40015', 1500.0000, 4)
GO
INSERT [dbo].[Product] ([ProductId], [SKU], [Name], [Description], [Price], [CategoryId]) VALUES (N'da4f9c94-9392-45e8-a3bb-12f9e4069ed3', 40013, N'Product 40013', N'Product Description Autogenerated 40013', 1500.0000, 4)
GO
INSERT [dbo].[Product] ([ProductId], [SKU], [Name], [Description], [Price], [CategoryId]) VALUES (N'2902477e-9fa2-469c-965d-169e4bd18392', 30015, N'Product 30015', N'Product Description Autogenerated 30015', 1500.0000, 3)
GO
INSERT [dbo].[Product] ([ProductId], [SKU], [Name], [Description], [Price], [CategoryId]) VALUES (N'86e9b048-ca58-40a6-b336-16d55cace064', 40011, N'Product 40011', N'Product Description Autogenerated 40011', 1500.0000, 4)
GO
INSERT [dbo].[Product] ([ProductId], [SKU], [Name], [Description], [Price], [CategoryId]) VALUES (N'fcd4547f-8e2e-440e-b516-1a9cffecdd05', 40030, N'Product 40030', N'Product Description Autogenerated 40030', 1500.0000, 4)
GO
INSERT [dbo].[Product] ([ProductId], [SKU], [Name], [Description], [Price], [CategoryId]) VALUES (N'c9570686-f351-4b99-9bb0-1b2d0b67c90e', 50006, N'Product 50006', N'Product Description Autogenerated 50006', 1500.0000, 5)
GO
INSERT [dbo].[Product] ([ProductId], [SKU], [Name], [Description], [Price], [CategoryId]) VALUES (N'6747da16-d39d-4f3a-ab49-1c6a87a68f69', 40047, N'Product 40047', N'Product Description Autogenerated 40047', 1500.0000, 4)
GO
INSERT [dbo].[Product] ([ProductId], [SKU], [Name], [Description], [Price], [CategoryId]) VALUES (N'e2c72663-261f-4557-9830-1caaf0457bbe', 40014, N'Product 40014', N'Product Description Autogenerated 40014', 1500.0000, 4)
GO
INSERT [dbo].[Product] ([ProductId], [SKU], [Name], [Description], [Price], [CategoryId]) VALUES (N'ac64d45b-adc5-427f-9d65-1cf8c80681fb', 50018, N'Product 50018', N'Product Description Autogenerated 50018', 1500.0000, 5)
GO
INSERT [dbo].[Product] ([ProductId], [SKU], [Name], [Description], [Price], [CategoryId]) VALUES (N'b2f16962-e054-4456-912a-1e4b9f3e59f2', 10006, N'Product 10006', N'Product Description Autogenerated 10006', 1500.0000, 1)
GO
INSERT [dbo].[Product] ([ProductId], [SKU], [Name], [Description], [Price], [CategoryId]) VALUES (N'ada2ed16-5c2f-477f-89cb-2073a5175ccb', 10017, N'Product 10017', N'Product Description Autogenerated 10017', 1500.0000, 1)
GO
INSERT [dbo].[Product] ([ProductId], [SKU], [Name], [Description], [Price], [CategoryId]) VALUES (N'178b27da-e185-4ae1-ab16-20a930f2e713', 30048, N'Product 30048', N'Product Description Autogenerated 30048', 1500.0000, 3)
GO
INSERT [dbo].[Product] ([ProductId], [SKU], [Name], [Description], [Price], [CategoryId]) VALUES (N'abd52e5f-63df-4d6d-b9fe-20f92f7bffaa', 20035, N'Product 20035', N'Product Description Autogenerated 20035', 1500.0000, 2)
GO
INSERT [dbo].[Product] ([ProductId], [SKU], [Name], [Description], [Price], [CategoryId]) VALUES (N'42ddffbc-6b74-47df-848b-211a4e440581', 30014, N'Product 30014', N'Product Description Autogenerated 30014', 1500.0000, 3)
GO
INSERT [dbo].[Product] ([ProductId], [SKU], [Name], [Description], [Price], [CategoryId]) VALUES (N'be0bce00-a081-4948-8921-2192ffe7cff3', 10002, N'Product 10002', N'Product Description Autogenerated 10002', 1500.0000, 1)
GO
INSERT [dbo].[Product] ([ProductId], [SKU], [Name], [Description], [Price], [CategoryId]) VALUES (N'7ba6ac32-466f-4afc-8f5a-21a824b13763', 50008, N'Product 50008', N'Product Description Autogenerated 50008', 1500.0000, 5)
GO
INSERT [dbo].[Product] ([ProductId], [SKU], [Name], [Description], [Price], [CategoryId]) VALUES (N'5a4f2059-fd04-4b98-b21d-26e1c2dd1f68', 10022, N'Product 10022', N'Product Description Autogenerated 10022', 1500.0000, 1)
GO
INSERT [dbo].[Product] ([ProductId], [SKU], [Name], [Description], [Price], [CategoryId]) VALUES (N'db9b5cfb-a49d-4067-86a7-29dba86afef7', 20025, N'Product 20025', N'Product Description Autogenerated 20025', 1500.0000, 2)
GO
INSERT [dbo].[Product] ([ProductId], [SKU], [Name], [Description], [Price], [CategoryId]) VALUES (N'58dfda9e-15c8-4901-b1eb-2b5463d03c11', 30010, N'Product 30010', N'Product Description Autogenerated 30010', 1500.0000, 3)
GO
INSERT [dbo].[Product] ([ProductId], [SKU], [Name], [Description], [Price], [CategoryId]) VALUES (N'c2c7221b-069b-488e-9cfd-2c295576dd6f', 20008, N'Product 20008', N'Product Description Autogenerated 20008', 1500.0000, 2)
GO
INSERT [dbo].[Product] ([ProductId], [SKU], [Name], [Description], [Price], [CategoryId]) VALUES (N'54ac5b06-3276-42ca-ad11-2c608e4ac673', 10024, N'Product 10024', N'Product Description Autogenerated 10024', 1500.0000, 1)
GO
INSERT [dbo].[Product] ([ProductId], [SKU], [Name], [Description], [Price], [CategoryId]) VALUES (N'2ad68811-0dc9-45b1-87f8-2f3ba97af86d', 50049, N'Product 50049', N'Product Description Autogenerated 50049', 1500.0000, 5)
GO
INSERT [dbo].[Product] ([ProductId], [SKU], [Name], [Description], [Price], [CategoryId]) VALUES (N'804956f0-b184-4bb1-92aa-30f4cff91e4b', 50013, N'Product 50013', N'Product Description Autogenerated 50013', 1500.0000, 5)
GO
INSERT [dbo].[Product] ([ProductId], [SKU], [Name], [Description], [Price], [CategoryId]) VALUES (N'28ea3313-ff42-4cd0-870e-314717122bc8', 20050, N'Product 20050', N'Product Description Autogenerated 20050', 1500.0000, 2)
GO
INSERT [dbo].[Product] ([ProductId], [SKU], [Name], [Description], [Price], [CategoryId]) VALUES (N'2de37f88-24cf-4b54-b78d-321819699406', 10032, N'Product 10032', N'Product Description Autogenerated 10032', 1500.0000, 1)
GO
INSERT [dbo].[Product] ([ProductId], [SKU], [Name], [Description], [Price], [CategoryId]) VALUES (N'b6329c7b-9c63-4ff0-b2bf-32a6dca0c923', 30022, N'Product 30022', N'Product Description Autogenerated 30022', 1500.0000, 3)
GO
INSERT [dbo].[Product] ([ProductId], [SKU], [Name], [Description], [Price], [CategoryId]) VALUES (N'8f2b309a-3ad2-456a-aa1c-3318465bf56d', 10033, N'Product 10033', N'Product Description Autogenerated 10033', 1500.0000, 1)
GO
INSERT [dbo].[Product] ([ProductId], [SKU], [Name], [Description], [Price], [CategoryId]) VALUES (N'9ba428db-5140-49f3-bb15-339a7bfd4198', 50041, N'Product 50041', N'Product Description Autogenerated 50041', 1500.0000, 5)
GO
INSERT [dbo].[Product] ([ProductId], [SKU], [Name], [Description], [Price], [CategoryId]) VALUES (N'49ac9f84-76c6-47bd-aef8-33dc8cf5c45b', 10040, N'Product 10040', N'Product Description Autogenerated 10040', 1500.0000, 1)
GO
INSERT [dbo].[Product] ([ProductId], [SKU], [Name], [Description], [Price], [CategoryId]) VALUES (N'b1fd18da-4929-4298-bd30-343c3425c336', 30050, N'Product 30050', N'Product Description Autogenerated 30050', 1500.0000, 3)
GO
INSERT [dbo].[Product] ([ProductId], [SKU], [Name], [Description], [Price], [CategoryId]) VALUES (N'f23574e7-45d1-4832-bccf-37758c34cb19', 30026, N'Product 30026', N'Product Description Autogenerated 30026', 1500.0000, 3)
GO
INSERT [dbo].[Product] ([ProductId], [SKU], [Name], [Description], [Price], [CategoryId]) VALUES (N'56918754-1d9a-4819-8a03-377c298790be', 40043, N'Product 40043', N'Product Description Autogenerated 40043', 1500.0000, 4)
GO
INSERT [dbo].[Product] ([ProductId], [SKU], [Name], [Description], [Price], [CategoryId]) VALUES (N'422452ed-f402-4ec2-88e6-378789df5e5b', 30034, N'Product 30034', N'Product Description Autogenerated 30034', 1500.0000, 3)
GO
INSERT [dbo].[Product] ([ProductId], [SKU], [Name], [Description], [Price], [CategoryId]) VALUES (N'5f9cd659-fdef-40f4-8212-37a4a00291ab', 20027, N'Product 20027', N'Product Description Autogenerated 20027', 1500.0000, 2)
GO
INSERT [dbo].[Product] ([ProductId], [SKU], [Name], [Description], [Price], [CategoryId]) VALUES (N'0fb4eae8-3a72-4d90-abb8-3824c2625e58', 10036, N'Product 10036', N'Product Description Autogenerated 10036', 1500.0000, 1)
GO
INSERT [dbo].[Product] ([ProductId], [SKU], [Name], [Description], [Price], [CategoryId]) VALUES (N'85b34834-71b7-417f-a185-3af73faebcc7', 50017, N'Product 50017', N'Product Description Autogenerated 50017', 1500.0000, 5)
GO
INSERT [dbo].[Product] ([ProductId], [SKU], [Name], [Description], [Price], [CategoryId]) VALUES (N'906c53ac-d6a1-44e6-b94e-3b2fd1aba836', 20044, N'Product 20044', N'Product Description Autogenerated 20044', 1500.0000, 2)
GO
INSERT [dbo].[Product] ([ProductId], [SKU], [Name], [Description], [Price], [CategoryId]) VALUES (N'82c03be1-1889-49eb-ba32-3b43c16ebe1e', 20019, N'Product 20019', N'Product Description Autogenerated 20019', 1500.0000, 2)
GO
INSERT [dbo].[Product] ([ProductId], [SKU], [Name], [Description], [Price], [CategoryId]) VALUES (N'0754a205-68f8-4f72-8500-3bafeca2746d', 30033, N'Product 30033', N'Product Description Autogenerated 30033', 1500.0000, 3)
GO
INSERT [dbo].[Product] ([ProductId], [SKU], [Name], [Description], [Price], [CategoryId]) VALUES (N'585959dc-3134-43ed-a366-3c93c25d508d', 50043, N'Product 50043', N'Product Description Autogenerated 50043', 1500.0000, 5)
GO
INSERT [dbo].[Product] ([ProductId], [SKU], [Name], [Description], [Price], [CategoryId]) VALUES (N'2ea62e46-91fd-4646-989f-3e68c0c666f4', 30000, N'Product 30000', N'Product Description Autogenerated 30000', 1500.0000, 3)
GO
INSERT [dbo].[Product] ([ProductId], [SKU], [Name], [Description], [Price], [CategoryId]) VALUES (N'df2aafb2-3213-4072-9bc1-40599de70a62', 10023, N'Product 10023', N'Product Description Autogenerated 10023', 1500.0000, 1)
GO
INSERT [dbo].[Product] ([ProductId], [SKU], [Name], [Description], [Price], [CategoryId]) VALUES (N'2bc6f811-d3a2-4e2f-8cad-40ca6fe8841e', 10018, N'Product 10018', N'Product Description Autogenerated 10018', 1500.0000, 1)
GO
INSERT [dbo].[Product] ([ProductId], [SKU], [Name], [Description], [Price], [CategoryId]) VALUES (N'963caf17-db87-4830-bbd0-41ae60481704', 10048, N'Product 10048', N'Product Description Autogenerated 10048', 1500.0000, 1)
GO
INSERT [dbo].[Product] ([ProductId], [SKU], [Name], [Description], [Price], [CategoryId]) VALUES (N'918dab0d-6290-4039-b805-42348513af1e', 50033, N'Product 50033', N'Product Description Autogenerated 50033', 1500.0000, 5)
GO
INSERT [dbo].[Product] ([ProductId], [SKU], [Name], [Description], [Price], [CategoryId]) VALUES (N'1f7f9c1a-d0e3-47cc-9381-4235fa515ea2', 30032, N'Product 30032', N'Product Description Autogenerated 30032', 1500.0000, 3)
GO
INSERT [dbo].[Product] ([ProductId], [SKU], [Name], [Description], [Price], [CategoryId]) VALUES (N'046bfe97-d788-4bf3-8cda-466959bfc5bb', 40029, N'Product 40029', N'Product Description Autogenerated 40029', 1500.0000, 4)
GO
INSERT [dbo].[Product] ([ProductId], [SKU], [Name], [Description], [Price], [CategoryId]) VALUES (N'6d76dd77-deb8-419f-b9b8-4857691d0c9a', 10021, N'Product 10021', N'Product Description Autogenerated 10021', 1500.0000, 1)
GO
INSERT [dbo].[Product] ([ProductId], [SKU], [Name], [Description], [Price], [CategoryId]) VALUES (N'72e42b44-6f4e-4cd5-b0f5-486feff70e17', 30041, N'Product 30041', N'Product Description Autogenerated 30041', 1500.0000, 3)
GO
INSERT [dbo].[Product] ([ProductId], [SKU], [Name], [Description], [Price], [CategoryId]) VALUES (N'abfb2642-7a14-4f2f-b95c-48e0600c7998', 20003, N'Product 20003', N'Product Description Autogenerated 20003', 1500.0000, 2)
GO
INSERT [dbo].[Product] ([ProductId], [SKU], [Name], [Description], [Price], [CategoryId]) VALUES (N'aeb8501c-b696-4638-84a3-49f1e2b173fe', 10016, N'Product 10016', N'Product Description Autogenerated 10016', 1500.0000, 1)
GO
INSERT [dbo].[Product] ([ProductId], [SKU], [Name], [Description], [Price], [CategoryId]) VALUES (N'eb4c4173-d47f-4fe4-9f2c-4b2d62d6da51', 50001, N'Product 50001', N'Product Description Autogenerated 50001', 1500.0000, 5)
GO
INSERT [dbo].[Product] ([ProductId], [SKU], [Name], [Description], [Price], [CategoryId]) VALUES (N'689512cc-1ce6-4a7a-930d-4bc0084727e6', 40010, N'Product 40010', N'Product Description Autogenerated 40010', 1500.0000, 4)
GO
INSERT [dbo].[Product] ([ProductId], [SKU], [Name], [Description], [Price], [CategoryId]) VALUES (N'19a367dc-0db7-4191-bd87-4e0422a7ab12', 40004, N'Product 40004', N'Product Description Autogenerated 40004', 1500.0000, 4)
GO
INSERT [dbo].[Product] ([ProductId], [SKU], [Name], [Description], [Price], [CategoryId]) VALUES (N'd338d2f4-bcae-4d3b-b236-4f4cbc38c4cc', 10010, N'Product 10010', N'Product Description Autogenerated 10010', 1500.0000, 1)
GO
INSERT [dbo].[Product] ([ProductId], [SKU], [Name], [Description], [Price], [CategoryId]) VALUES (N'd89e3d85-9da3-4f01-b1a5-51d9a6d764aa', 40050, N'Product 40050', N'Product Description Autogenerated 40050', 1500.0000, 4)
GO
INSERT [dbo].[Product] ([ProductId], [SKU], [Name], [Description], [Price], [CategoryId]) VALUES (N'5b58b8db-96ee-47c6-a4b1-5377a668e839', 10025, N'Product 10025', N'Product Description Autogenerated 10025', 1500.0000, 1)
GO
INSERT [dbo].[Product] ([ProductId], [SKU], [Name], [Description], [Price], [CategoryId]) VALUES (N'5552b62d-570f-4c79-b688-5455462350f9', 40039, N'Product 40039', N'Product Description Autogenerated 40039', 1500.0000, 4)
GO
INSERT [dbo].[Product] ([ProductId], [SKU], [Name], [Description], [Price], [CategoryId]) VALUES (N'cec3b155-c5f2-4cc2-8639-557c465f9744', 40034, N'Product 40034', N'Product Description Autogenerated 40034', 1500.0000, 4)
GO
INSERT [dbo].[Product] ([ProductId], [SKU], [Name], [Description], [Price], [CategoryId]) VALUES (N'4c8804f3-19d4-4ca7-a710-58c422d6fddf', 40044, N'Product 40044', N'Product Description Autogenerated 40044', 1500.0000, 4)
GO
INSERT [dbo].[Product] ([ProductId], [SKU], [Name], [Description], [Price], [CategoryId]) VALUES (N'6ae02079-699a-435e-a455-58ddd1b71222', 50011, N'Product 50011', N'Product Description Autogenerated 50011', 1500.0000, 5)
GO
INSERT [dbo].[Product] ([ProductId], [SKU], [Name], [Description], [Price], [CategoryId]) VALUES (N'72ce0caa-7db6-4453-8885-5a37de3a8439', 20049, N'Product 20049', N'Product Description Autogenerated 20049', 1500.0000, 2)
GO
INSERT [dbo].[Product] ([ProductId], [SKU], [Name], [Description], [Price], [CategoryId]) VALUES (N'8345a4de-4c4c-44ff-857b-5c63a52b43f0', 30024, N'Product 30024', N'Product Description Autogenerated 30024', 1500.0000, 3)
GO
INSERT [dbo].[Product] ([ProductId], [SKU], [Name], [Description], [Price], [CategoryId]) VALUES (N'f8b7c9ae-f352-4e37-8683-5c820d4f681d', 10041, N'Product 10041', N'Product Description Autogenerated 10041', 1500.0000, 1)
GO
INSERT [dbo].[Product] ([ProductId], [SKU], [Name], [Description], [Price], [CategoryId]) VALUES (N'143b281f-8dde-4872-9ace-5e195bc6cd63', 20004, N'Product 20004', N'Product Description Autogenerated 20004', 1500.0000, 2)
GO
INSERT [dbo].[Product] ([ProductId], [SKU], [Name], [Description], [Price], [CategoryId]) VALUES (N'dc1430a0-1668-4d86-9341-60d6052780b8', 50037, N'Product 50037', N'Product Description Autogenerated 50037', 1500.0000, 5)
GO
INSERT [dbo].[Product] ([ProductId], [SKU], [Name], [Description], [Price], [CategoryId]) VALUES (N'42f54666-348b-49c7-a77e-61653a576781', 20047, N'Product 20047', N'Product Description Autogenerated 20047', 1500.0000, 2)
GO
INSERT [dbo].[Product] ([ProductId], [SKU], [Name], [Description], [Price], [CategoryId]) VALUES (N'6a628d55-5f1e-4c34-9461-618f338a2a6b', 10014, N'Product 10014', N'Product Description Autogenerated 10014', 1500.0000, 1)
GO
INSERT [dbo].[Product] ([ProductId], [SKU], [Name], [Description], [Price], [CategoryId]) VALUES (N'87bfdaf0-dcd5-43d9-aa47-624fbfe05fae', 10035, N'Product 10035', N'Product Description Autogenerated 10035', 1500.0000, 1)
GO
INSERT [dbo].[Product] ([ProductId], [SKU], [Name], [Description], [Price], [CategoryId]) VALUES (N'9b9d5855-49c5-4b12-bae7-62ce0bcf3644', 40018, N'Product 40018', N'Product Description Autogenerated 40018', 1500.0000, 4)
GO
INSERT [dbo].[Product] ([ProductId], [SKU], [Name], [Description], [Price], [CategoryId]) VALUES (N'f4c9e993-cdef-42be-a86d-634fdb3174b5', 40038, N'Product 40038', N'Product Description Autogenerated 40038', 1500.0000, 4)
GO
INSERT [dbo].[Product] ([ProductId], [SKU], [Name], [Description], [Price], [CategoryId]) VALUES (N'239b72a9-f82c-4554-a418-63be0c589c1c', 20012, N'Product 20012', N'Product Description Autogenerated 20012', 1500.0000, 2)
GO
INSERT [dbo].[Product] ([ProductId], [SKU], [Name], [Description], [Price], [CategoryId]) VALUES (N'943d920f-7221-498e-b3a2-649e48cd59e7', 20023, N'Product 20023', N'Product Description Autogenerated 20023', 1500.0000, 2)
GO
INSERT [dbo].[Product] ([ProductId], [SKU], [Name], [Description], [Price], [CategoryId]) VALUES (N'130a5f76-6052-47cb-9c23-654bf6155c15', 50020, N'Product 50020', N'Product Description Autogenerated 50020', 1500.0000, 5)
GO
INSERT [dbo].[Product] ([ProductId], [SKU], [Name], [Description], [Price], [CategoryId]) VALUES (N'f5900c33-afaa-4a40-85fe-655b0017dc5d', 50009, N'Product 50009', N'Product Description Autogenerated 50009', 1500.0000, 5)
GO
INSERT [dbo].[Product] ([ProductId], [SKU], [Name], [Description], [Price], [CategoryId]) VALUES (N'9d56d68a-bbb5-4947-912d-65a0e9ee7632', 50028, N'Product 50028', N'Product Description Autogenerated 50028', 1500.0000, 5)
GO
INSERT [dbo].[Product] ([ProductId], [SKU], [Name], [Description], [Price], [CategoryId]) VALUES (N'e1f9c6b9-69af-4335-bcb7-65f03f446a49', 30045, N'Product 30045', N'Product Description Autogenerated 30045', 1500.0000, 3)
GO
INSERT [dbo].[Product] ([ProductId], [SKU], [Name], [Description], [Price], [CategoryId]) VALUES (N'e6509fb8-d5d8-4b2e-9308-66ee4aac44f1', 50035, N'Product 50035', N'Product Description Autogenerated 50035', 1500.0000, 5)
GO
INSERT [dbo].[Product] ([ProductId], [SKU], [Name], [Description], [Price], [CategoryId]) VALUES (N'ab9b0c32-2c99-4f75-b2b4-6a27dea6722d', 10047, N'Product 10047', N'Product Description Autogenerated 10047', 1500.0000, 1)
GO
INSERT [dbo].[Product] ([ProductId], [SKU], [Name], [Description], [Price], [CategoryId]) VALUES (N'7d9caab0-cf4f-4fa4-a9d2-6a6b00b4a2b2', 30020, N'Product 30020', N'Product Description Autogenerated 30020', 1500.0000, 3)
GO
INSERT [dbo].[Product] ([ProductId], [SKU], [Name], [Description], [Price], [CategoryId]) VALUES (N'216e6f38-82d6-4d93-9121-6c3f6cd0bd92', 40000, N'Product 40000', N'Product Description Autogenerated 40000', 1500.0000, 4)
GO
INSERT [dbo].[Product] ([ProductId], [SKU], [Name], [Description], [Price], [CategoryId]) VALUES (N'abf77cab-0144-4632-b07c-6c495c2613b3', 10027, N'Product 10027', N'Product Description Autogenerated 10027', 1500.0000, 1)
GO
INSERT [dbo].[Product] ([ProductId], [SKU], [Name], [Description], [Price], [CategoryId]) VALUES (N'5d6e0f8b-a37d-4b0f-ba34-6cdf4e09af0a', 30002, N'Product 30002', N'Product Description Autogenerated 30002', 1500.0000, 3)
GO
INSERT [dbo].[Product] ([ProductId], [SKU], [Name], [Description], [Price], [CategoryId]) VALUES (N'f08b1772-2e1b-4aaa-96ab-6ddb3ffe1eb1', 50029, N'Product 50029', N'Product Description Autogenerated 50029', 1500.0000, 5)
GO
INSERT [dbo].[Product] ([ProductId], [SKU], [Name], [Description], [Price], [CategoryId]) VALUES (N'f2f61b2c-9474-48ba-9af8-6e30fbd20c0d', 20029, N'Product 20029', N'Product Description Autogenerated 20029', 1500.0000, 2)
GO
INSERT [dbo].[Product] ([ProductId], [SKU], [Name], [Description], [Price], [CategoryId]) VALUES (N'9f666e65-abea-46ca-a84b-6eaf7d7cd246', 10046, N'Product 10046', N'Product Description Autogenerated 10046', 1500.0000, 1)
GO
INSERT [dbo].[Product] ([ProductId], [SKU], [Name], [Description], [Price], [CategoryId]) VALUES (N'6d7fe6a7-566d-45f5-8fbf-6f3df769a23d', 30025, N'Product 30025', N'Product Description Autogenerated 30025', 1500.0000, 3)
GO
INSERT [dbo].[Product] ([ProductId], [SKU], [Name], [Description], [Price], [CategoryId]) VALUES (N'7232c755-cc6c-46af-81c1-6f65b426a2b5', 10007, N'Product 10007', N'Product Description Autogenerated 10007', 1500.0000, 1)
GO
INSERT [dbo].[Product] ([ProductId], [SKU], [Name], [Description], [Price], [CategoryId]) VALUES (N'6ced15d8-2dc6-4bc7-a0a0-6ff53c277955', 30011, N'Product 30011', N'Product Description Autogenerated 30011', 1500.0000, 3)
GO
INSERT [dbo].[Product] ([ProductId], [SKU], [Name], [Description], [Price], [CategoryId]) VALUES (N'9e25d01c-9edf-4a76-b91e-71996cb67af5', 10012, N'Product 10012', N'Product Description Autogenerated 10012', 1500.0000, 1)
GO
INSERT [dbo].[Product] ([ProductId], [SKU], [Name], [Description], [Price], [CategoryId]) VALUES (N'35abf11e-bd50-4449-8036-720ea82220c5', 20036, N'Product 20036', N'Product Description Autogenerated 20036', 1500.0000, 2)
GO
INSERT [dbo].[Product] ([ProductId], [SKU], [Name], [Description], [Price], [CategoryId]) VALUES (N'696c525f-78fe-4d93-8afc-7278039828c8', 40008, N'Product 40008', N'Product Description Autogenerated 40008', 1500.0000, 4)
GO
INSERT [dbo].[Product] ([ProductId], [SKU], [Name], [Description], [Price], [CategoryId]) VALUES (N'ca87b369-a946-4cb9-847e-743ce33b02f7', 40005, N'Product 40005', N'Product Description Autogenerated 40005', 1500.0000, 4)
GO
INSERT [dbo].[Product] ([ProductId], [SKU], [Name], [Description], [Price], [CategoryId]) VALUES (N'4f4f18ed-c6b5-46d0-96c8-754f6d2b660a', 10000, N'Product 10000', N'Product Description Autogenerated 10000', 1500.0000, 1)
GO
INSERT [dbo].[Product] ([ProductId], [SKU], [Name], [Description], [Price], [CategoryId]) VALUES (N'612abbed-2113-4d52-b2c8-757064960e85', 40040, N'Product 40040', N'Product Description Autogenerated 40040', 1500.0000, 4)
GO
INSERT [dbo].[Product] ([ProductId], [SKU], [Name], [Description], [Price], [CategoryId]) VALUES (N'ee65bd18-6221-4808-a2ed-76c6d9e82ee7', 30023, N'Product 30023', N'Product Description Autogenerated 30023', 1500.0000, 3)
GO
INSERT [dbo].[Product] ([ProductId], [SKU], [Name], [Description], [Price], [CategoryId]) VALUES (N'df179772-25a6-4652-a6ac-77f35ae70c99', 10013, N'Product 10013', N'Product Description Autogenerated 10013', 1500.0000, 1)
GO
INSERT [dbo].[Product] ([ProductId], [SKU], [Name], [Description], [Price], [CategoryId]) VALUES (N'278d8ed0-d881-4f0d-8d75-7840250cb21c', 50007, N'Product 50007', N'Product Description Autogenerated 50007', 1500.0000, 5)
GO
INSERT [dbo].[Product] ([ProductId], [SKU], [Name], [Description], [Price], [CategoryId]) VALUES (N'379ea559-57ce-428e-bd6e-78971a90daf7', 10003, N'Product 10003', N'Product Description Autogenerated 10003', 1500.0000, 1)
GO
INSERT [dbo].[Product] ([ProductId], [SKU], [Name], [Description], [Price], [CategoryId]) VALUES (N'ab7cb8b7-4ed5-4272-9166-7908540791b9', 50003, N'Product 50003', N'Product Description Autogenerated 50003', 1500.0000, 5)
GO
INSERT [dbo].[Product] ([ProductId], [SKU], [Name], [Description], [Price], [CategoryId]) VALUES (N'4415149f-5dab-45b4-bf0f-7a38ea7b6b4e', 20041, N'Product 20041', N'Product Description Autogenerated 20041', 1500.0000, 2)
GO
INSERT [dbo].[Product] ([ProductId], [SKU], [Name], [Description], [Price], [CategoryId]) VALUES (N'ae4bd702-e377-4ee8-8bec-7a72855e3913', 40019, N'Product 40019', N'Product Description Autogenerated 40019', 1500.0000, 4)
GO
INSERT [dbo].[Product] ([ProductId], [SKU], [Name], [Description], [Price], [CategoryId]) VALUES (N'1b8aaa5b-c40d-4fe3-ba26-7bd475d2d463', 30006, N'Product 30006', N'Product Description Autogenerated 30006', 1500.0000, 3)
GO
INSERT [dbo].[Product] ([ProductId], [SKU], [Name], [Description], [Price], [CategoryId]) VALUES (N'0b31d7d8-91d7-4f3c-96b4-7cc8ad46c38c', 30040, N'Product 30040', N'Product Description Autogenerated 30040', 1500.0000, 3)
GO
INSERT [dbo].[Product] ([ProductId], [SKU], [Name], [Description], [Price], [CategoryId]) VALUES (N'18222e3f-ac79-47be-b6ad-7f4ea960b217', 20026, N'Product 20026', N'Product Description Autogenerated 20026', 1500.0000, 2)
GO
INSERT [dbo].[Product] ([ProductId], [SKU], [Name], [Description], [Price], [CategoryId]) VALUES (N'1ba65bab-3903-454e-b78c-813949fba326', 20017, N'Product 20017', N'Product Description Autogenerated 20017', 1500.0000, 2)
GO
INSERT [dbo].[Product] ([ProductId], [SKU], [Name], [Description], [Price], [CategoryId]) VALUES (N'e93fb580-c7da-4464-b82b-81453b72e0db', 30029, N'Product 30029', N'Product Description Autogenerated 30029', 1500.0000, 3)
GO
INSERT [dbo].[Product] ([ProductId], [SKU], [Name], [Description], [Price], [CategoryId]) VALUES (N'cc3fee1d-f0cf-4611-aa8e-814682a59865', 10043, N'Product 10043', N'Product Description Autogenerated 10043', 1500.0000, 1)
GO
INSERT [dbo].[Product] ([ProductId], [SKU], [Name], [Description], [Price], [CategoryId]) VALUES (N'37c55616-5fc7-40c2-add0-814e6bdcde48', 40046, N'Product 40046', N'Product Description Autogenerated 40046', 1500.0000, 4)
GO
INSERT [dbo].[Product] ([ProductId], [SKU], [Name], [Description], [Price], [CategoryId]) VALUES (N'652438da-49cb-4692-aa43-8194dd118942', 30043, N'Product 30043', N'Product Description Autogenerated 30043', 1500.0000, 3)
GO
INSERT [dbo].[Product] ([ProductId], [SKU], [Name], [Description], [Price], [CategoryId]) VALUES (N'a9b6b09c-3108-44c6-84bd-830d62e04aa2', 40009, N'Product 40009', N'Product Description Autogenerated 40009', 1500.0000, 4)
GO
INSERT [dbo].[Product] ([ProductId], [SKU], [Name], [Description], [Price], [CategoryId]) VALUES (N'2c2336dc-4448-4704-8662-8393fad7fc39', 50040, N'Product 50040', N'Product Description Autogenerated 50040', 1500.0000, 5)
GO
INSERT [dbo].[Product] ([ProductId], [SKU], [Name], [Description], [Price], [CategoryId]) VALUES (N'd70ba4ce-e260-4c2b-ac43-849c352a4f60', 50014, N'Product 50014', N'Product Description Autogenerated 50014', 1500.0000, 5)
GO
INSERT [dbo].[Product] ([ProductId], [SKU], [Name], [Description], [Price], [CategoryId]) VALUES (N'6da90437-5ff3-4164-8b1c-84afe571fdd4', 20005, N'Product 20005', N'Product Description Autogenerated 20005', 1500.0000, 2)
GO
INSERT [dbo].[Product] ([ProductId], [SKU], [Name], [Description], [Price], [CategoryId]) VALUES (N'513ccba6-a385-44d7-a9b3-850731f5d043', 20002, N'Product 20002', N'Product Description Autogenerated 20002', 1500.0000, 2)
GO
INSERT [dbo].[Product] ([ProductId], [SKU], [Name], [Description], [Price], [CategoryId]) VALUES (N'27d9812c-ca2d-4cc6-85ea-850ea61d9c37', 30047, N'Product 30047', N'Product Description Autogenerated 30047', 1500.0000, 3)
GO
INSERT [dbo].[Product] ([ProductId], [SKU], [Name], [Description], [Price], [CategoryId]) VALUES (N'341bbcd4-4909-4641-8898-87591bda4baf', 30021, N'Product 30021', N'Product Description Autogenerated 30021', 1500.0000, 3)
GO
INSERT [dbo].[Product] ([ProductId], [SKU], [Name], [Description], [Price], [CategoryId]) VALUES (N'cdafaaa6-bef0-4fb0-9de5-8922f0fec420', 40022, N'Product 40022', N'Product Description Autogenerated 40022', 1500.0000, 4)
GO
INSERT [dbo].[Product] ([ProductId], [SKU], [Name], [Description], [Price], [CategoryId]) VALUES (N'9ba6dad1-7b5d-470e-8f62-8bf0ae73f201', 50000, N'Product 50000', N'Product Description Autogenerated 50000', 1500.0000, 5)
GO
INSERT [dbo].[Product] ([ProductId], [SKU], [Name], [Description], [Price], [CategoryId]) VALUES (N'f1248b80-bca3-4424-a7a5-8c880c151431', 30030, N'Product 30030', N'Product Description Autogenerated 30030', 1500.0000, 3)
GO
INSERT [dbo].[Product] ([ProductId], [SKU], [Name], [Description], [Price], [CategoryId]) VALUES (N'36e16ea9-06a6-49e4-b6b8-8caba657afcb', 40006, N'Product 40006', N'Product Description Autogenerated 40006', 1500.0000, 4)
GO
INSERT [dbo].[Product] ([ProductId], [SKU], [Name], [Description], [Price], [CategoryId]) VALUES (N'f21efb03-96f4-4133-b7d8-8ecaeb1953e2', 40024, N'Product 40024', N'Product Description Autogenerated 40024', 1500.0000, 4)
GO
INSERT [dbo].[Product] ([ProductId], [SKU], [Name], [Description], [Price], [CategoryId]) VALUES (N'7b1912a5-c86b-4420-851c-8f3d01dd9f59', 40033, N'Product 40033', N'Product Description Autogenerated 40033', 1500.0000, 4)
GO
INSERT [dbo].[Product] ([ProductId], [SKU], [Name], [Description], [Price], [CategoryId]) VALUES (N'58938866-37ee-4924-a982-8f98f56e9b6c', 10026, N'Product 10026', N'Product Description Autogenerated 10026', 1500.0000, 1)
GO
INSERT [dbo].[Product] ([ProductId], [SKU], [Name], [Description], [Price], [CategoryId]) VALUES (N'590f386d-618e-4b03-8966-91f56f4a20f4', 50016, N'Product 50016', N'Product Description Autogenerated 50016', 1500.0000, 5)
GO
INSERT [dbo].[Product] ([ProductId], [SKU], [Name], [Description], [Price], [CategoryId]) VALUES (N'59782832-2622-4ca3-bfaf-9216a9050223', 40007, N'Product 40007', N'Product Description Autogenerated 40007', 1500.0000, 4)
GO
INSERT [dbo].[Product] ([ProductId], [SKU], [Name], [Description], [Price], [CategoryId]) VALUES (N'c8406dd3-f4d4-44be-97d1-926904bf83d5', 10031, N'Product 10031', N'Product Description Autogenerated 10031', 1500.0000, 1)
GO
INSERT [dbo].[Product] ([ProductId], [SKU], [Name], [Description], [Price], [CategoryId]) VALUES (N'cb933a47-431b-4212-9cee-9458d0bf7a3b', 50005, N'Product 50005', N'Product Description Autogenerated 50005', 1500.0000, 5)
GO
INSERT [dbo].[Product] ([ProductId], [SKU], [Name], [Description], [Price], [CategoryId]) VALUES (N'85f4e571-b019-4443-8ba3-94ccb6bcb1c1', 10020, N'Product 10020', N'Product Description Autogenerated 10020', 1500.0000, 1)
GO
INSERT [dbo].[Product] ([ProductId], [SKU], [Name], [Description], [Price], [CategoryId]) VALUES (N'31060bd8-20b7-493d-a8ca-9586c238f54c', 10019, N'Product 10019', N'Product Description Autogenerated 10019', 1500.0000, 1)
GO
INSERT [dbo].[Product] ([ProductId], [SKU], [Name], [Description], [Price], [CategoryId]) VALUES (N'52b83fd6-16ed-4f8c-8371-970d07ed37af', 40017, N'Product 40017', N'Product Description Autogenerated 40017', 1500.0000, 4)
GO
INSERT [dbo].[Product] ([ProductId], [SKU], [Name], [Description], [Price], [CategoryId]) VALUES (N'47147381-700b-4a5a-8104-98576749558b', 20011, N'Product 20011', N'Product Description Autogenerated 20011', 1500.0000, 2)
GO
INSERT [dbo].[Product] ([ProductId], [SKU], [Name], [Description], [Price], [CategoryId]) VALUES (N'abed8b03-ef32-4d1d-b349-987e3afdf254', 20037, N'Product 20037', N'Product Description Autogenerated 20037', 1500.0000, 2)
GO
INSERT [dbo].[Product] ([ProductId], [SKU], [Name], [Description], [Price], [CategoryId]) VALUES (N'775f47aa-a5a7-4a9e-9faf-9915c57ae375', 10038, N'Product 10038', N'Product Description Autogenerated 10038', 1500.0000, 1)
GO
INSERT [dbo].[Product] ([ProductId], [SKU], [Name], [Description], [Price], [CategoryId]) VALUES (N'08ca21b0-d8ff-4c60-8003-992cff58ab94', 30019, N'Product 30019', N'Product Description Autogenerated 30019', 1500.0000, 3)
GO
INSERT [dbo].[Product] ([ProductId], [SKU], [Name], [Description], [Price], [CategoryId]) VALUES (N'b36b297f-bace-4397-8e4a-995fdbfb374b', 20034, N'Product 20034', N'Product Description Autogenerated 20034', 1500.0000, 2)
GO
INSERT [dbo].[Product] ([ProductId], [SKU], [Name], [Description], [Price], [CategoryId]) VALUES (N'd0a04667-98c8-45fe-a781-9ad32882a3f3', 30013, N'Product 30013', N'Product Description Autogenerated 30013', 1500.0000, 3)
GO
INSERT [dbo].[Product] ([ProductId], [SKU], [Name], [Description], [Price], [CategoryId]) VALUES (N'2eb09237-0e4d-432d-a72a-9b38bf19cf24', 20009, N'Product 20009', N'Product Description Autogenerated 20009', 1500.0000, 2)
GO
INSERT [dbo].[Product] ([ProductId], [SKU], [Name], [Description], [Price], [CategoryId]) VALUES (N'9f4d8d0c-714d-4d0a-94d9-9c600555a98e', 30044, N'Product 30044', N'Product Description Autogenerated 30044', 1500.0000, 3)
GO
INSERT [dbo].[Product] ([ProductId], [SKU], [Name], [Description], [Price], [CategoryId]) VALUES (N'333ea07a-ac34-4a18-943e-9ea8c7d091d8', 30036, N'Product 30036', N'Product Description Autogenerated 30036', 1500.0000, 3)
GO
INSERT [dbo].[Product] ([ProductId], [SKU], [Name], [Description], [Price], [CategoryId]) VALUES (N'eb3afad1-2e50-444b-a8cd-9eeb2d1e221c', 20042, N'Product 20042', N'Product Description Autogenerated 20042', 1500.0000, 2)
GO
INSERT [dbo].[Product] ([ProductId], [SKU], [Name], [Description], [Price], [CategoryId]) VALUES (N'2f065e51-e9af-4550-99eb-a0758660846b', 30039, N'Product 30039', N'Product Description Autogenerated 30039', 1500.0000, 3)
GO
INSERT [dbo].[Product] ([ProductId], [SKU], [Name], [Description], [Price], [CategoryId]) VALUES (N'be1dfd23-2274-4bdc-b6ff-a25e9d448c6c', 10004, N'Product 10004', N'Product Description Autogenerated 10004', 1500.0000, 1)
GO
INSERT [dbo].[Product] ([ProductId], [SKU], [Name], [Description], [Price], [CategoryId]) VALUES (N'3dbf18e3-54e1-49a4-844f-a2868eb16111', 50023, N'Product 50023', N'Product Description Autogenerated 50023', 1500.0000, 5)
GO
INSERT [dbo].[Product] ([ProductId], [SKU], [Name], [Description], [Price], [CategoryId]) VALUES (N'2b01b4ee-8d9a-43f7-be62-a2c5b67cdba0', 50044, N'Product 50044', N'Product Description Autogenerated 50044', 1500.0000, 5)
GO
INSERT [dbo].[Product] ([ProductId], [SKU], [Name], [Description], [Price], [CategoryId]) VALUES (N'f3ee4282-7b11-4b3d-9a79-a2cf05f7653a', 10030, N'Product 10030', N'Product Description Autogenerated 10030', 1500.0000, 1)
GO
INSERT [dbo].[Product] ([ProductId], [SKU], [Name], [Description], [Price], [CategoryId]) VALUES (N'a6accb32-f63c-4437-adc5-a47d423ef940', 20045, N'Product 20045', N'Product Description Autogenerated 20045', 1500.0000, 2)
GO
INSERT [dbo].[Product] ([ProductId], [SKU], [Name], [Description], [Price], [CategoryId]) VALUES (N'8c2aeb37-130d-4fe9-9532-a497b8b4fd9f', 40023, N'Product 40023', N'Product Description Autogenerated 40023', 1500.0000, 4)
GO
INSERT [dbo].[Product] ([ProductId], [SKU], [Name], [Description], [Price], [CategoryId]) VALUES (N'425956e7-bcf7-4397-95ec-a5e527e7503e', 30018, N'Product 30018', N'Product Description Autogenerated 30018', 1500.0000, 3)
GO
INSERT [dbo].[Product] ([ProductId], [SKU], [Name], [Description], [Price], [CategoryId]) VALUES (N'17365673-a135-44a4-829c-a6dbb622ecc7', 50010, N'Product 50010', N'Product Description Autogenerated 50010', 1500.0000, 5)
GO
INSERT [dbo].[Product] ([ProductId], [SKU], [Name], [Description], [Price], [CategoryId]) VALUES (N'de63a12a-da15-49e3-8f0c-a6ea2c070641', 10029, N'Product 10029', N'Product Description Autogenerated 10029', 1500.0000, 1)
GO
INSERT [dbo].[Product] ([ProductId], [SKU], [Name], [Description], [Price], [CategoryId]) VALUES (N'bbccc97c-8010-4371-84aa-a87e09724fd3', 50026, N'Product 50026', N'Product Description Autogenerated 50026', 1500.0000, 5)
GO
INSERT [dbo].[Product] ([ProductId], [SKU], [Name], [Description], [Price], [CategoryId]) VALUES (N'dd926f6f-9e7d-402e-99c7-a88a4b7b79eb', 10011, N'Product 10011', N'Product Description Autogenerated 10011', 1500.0000, 1)
GO
INSERT [dbo].[Product] ([ProductId], [SKU], [Name], [Description], [Price], [CategoryId]) VALUES (N'65bb6673-71a5-4d45-9455-a8ba6e11d434', 40021, N'Product 40021', N'Product Description Autogenerated 40021', 1500.0000, 4)
GO
INSERT [dbo].[Product] ([ProductId], [SKU], [Name], [Description], [Price], [CategoryId]) VALUES (N'ddfd9ed8-8008-4f1e-8ba9-a962b03b6d82', 40016, N'Product 40016', N'Product Description Autogenerated 40016', 1500.0000, 4)
GO
INSERT [dbo].[Product] ([ProductId], [SKU], [Name], [Description], [Price], [CategoryId]) VALUES (N'792ac220-fddf-49bd-810a-a9fcdd26402a', 20010, N'Product 20010', N'Product Description Autogenerated 20010', 1500.0000, 2)
GO
INSERT [dbo].[Product] ([ProductId], [SKU], [Name], [Description], [Price], [CategoryId]) VALUES (N'c88317fb-fe24-4364-851b-aa1ae0feb105', 20018, N'Product 20018', N'Product Description Autogenerated 20018', 1500.0000, 2)
GO
INSERT [dbo].[Product] ([ProductId], [SKU], [Name], [Description], [Price], [CategoryId]) VALUES (N'114d76df-2e9b-4b35-918d-aa1f18560bd3', 30028, N'Product 30028', N'Product Description Autogenerated 30028', 1500.0000, 3)
GO
INSERT [dbo].[Product] ([ProductId], [SKU], [Name], [Description], [Price], [CategoryId]) VALUES (N'505d33b6-1777-49c4-818b-aac3f596949c', 40020, N'Product 40020', N'Product Description Autogenerated 40020', 1500.0000, 4)
GO
INSERT [dbo].[Product] ([ProductId], [SKU], [Name], [Description], [Price], [CategoryId]) VALUES (N'1aed0d4f-5833-4688-9b6b-ab668b1dfc0a', 10001, N'Product 10001', N'Product Description Autogenerated 10001', 1500.0000, 1)
GO
INSERT [dbo].[Product] ([ProductId], [SKU], [Name], [Description], [Price], [CategoryId]) VALUES (N'96c619c1-4825-4229-b599-ac50653f02f9', 10015, N'Product 10015', N'Product Description Autogenerated 10015', 1500.0000, 1)
GO
INSERT [dbo].[Product] ([ProductId], [SKU], [Name], [Description], [Price], [CategoryId]) VALUES (N'92f6290f-1539-4b61-b63f-ac7f1e44d130', 10009, N'Product 10009', N'Product Description Autogenerated 10009', 1500.0000, 1)
GO
INSERT [dbo].[Product] ([ProductId], [SKU], [Name], [Description], [Price], [CategoryId]) VALUES (N'a029b1fd-a9b9-4d8f-bb35-adc13d69de66', 40031, N'Product 40031', N'Product Description Autogenerated 40031', 1500.0000, 4)
GO
INSERT [dbo].[Product] ([ProductId], [SKU], [Name], [Description], [Price], [CategoryId]) VALUES (N'afc32120-3b1c-4f64-8dcf-aebe25c63f08', 40037, N'Product 40037', N'Product Description Autogenerated 40037', 1500.0000, 4)
GO
INSERT [dbo].[Product] ([ProductId], [SKU], [Name], [Description], [Price], [CategoryId]) VALUES (N'e84fd487-9c3b-440c-95be-af95b8166489', 50012, N'Product 50012', N'Product Description Autogenerated 50012', 1500.0000, 5)
GO
INSERT [dbo].[Product] ([ProductId], [SKU], [Name], [Description], [Price], [CategoryId]) VALUES (N'08ddf8d7-bb09-486e-90c1-afc7e608d965', 50036, N'Product 50036', N'Product Description Autogenerated 50036', 1500.0000, 5)
GO
INSERT [dbo].[Product] ([ProductId], [SKU], [Name], [Description], [Price], [CategoryId]) VALUES (N'626ddcec-6e48-4a1b-a9e8-b1c4b5e0e1dc', 50042, N'Product 50042', N'Product Description Autogenerated 50042', 1500.0000, 5)
GO
INSERT [dbo].[Product] ([ProductId], [SKU], [Name], [Description], [Price], [CategoryId]) VALUES (N'f6483228-71f6-413c-b4e8-b2a638051769', 50039, N'Product 50039', N'Product Description Autogenerated 50039', 1500.0000, 5)
GO
INSERT [dbo].[Product] ([ProductId], [SKU], [Name], [Description], [Price], [CategoryId]) VALUES (N'9224ca6b-9385-4600-a17d-b32447e849de', 10028, N'Product 10028', N'Product Description Autogenerated 10028', 1500.0000, 1)
GO
INSERT [dbo].[Product] ([ProductId], [SKU], [Name], [Description], [Price], [CategoryId]) VALUES (N'6226ccbe-0987-44ac-8133-b332594bbd2c', 40036, N'Product 40036', N'Product Description Autogenerated 40036', 1500.0000, 4)
GO
INSERT [dbo].[Product] ([ProductId], [SKU], [Name], [Description], [Price], [CategoryId]) VALUES (N'063e0a6c-d60b-43b4-b9b6-b3768f273eed', 10008, N'Product 10008', N'Product Description Autogenerated 10008', 1500.0000, 1)
GO
INSERT [dbo].[Product] ([ProductId], [SKU], [Name], [Description], [Price], [CategoryId]) VALUES (N'30df18b0-a067-4c19-86f1-b45c247e1a33', 50032, N'Product 50032', N'Product Description Autogenerated 50032', 1500.0000, 5)
GO
INSERT [dbo].[Product] ([ProductId], [SKU], [Name], [Description], [Price], [CategoryId]) VALUES (N'26966b6b-06a3-4906-b78e-b5749cbf2d00', 50022, N'Product 50022', N'Product Description Autogenerated 50022', 1500.0000, 5)
GO
INSERT [dbo].[Product] ([ProductId], [SKU], [Name], [Description], [Price], [CategoryId]) VALUES (N'b7268822-0fe4-4236-a73f-b59a8acdde2c', 40025, N'Product 40025', N'Product Description Autogenerated 40025', 1500.0000, 4)
GO
INSERT [dbo].[Product] ([ProductId], [SKU], [Name], [Description], [Price], [CategoryId]) VALUES (N'd8dba11f-0fb1-4c01-a6dc-b62b58302ac2', 50025, N'Product 50025', N'Product Description Autogenerated 50025', 1500.0000, 5)
GO
INSERT [dbo].[Product] ([ProductId], [SKU], [Name], [Description], [Price], [CategoryId]) VALUES (N'4bd994ab-6e86-44ff-bb25-b6d0ded715c7', 30008, N'Product 30008', N'Product Description Autogenerated 30008', 1500.0000, 3)
GO
INSERT [dbo].[Product] ([ProductId], [SKU], [Name], [Description], [Price], [CategoryId]) VALUES (N'385b734a-45ae-4808-aa2c-b766692172b5', 30049, N'Product 30049', N'Product Description Autogenerated 30049', 1500.0000, 3)
GO
INSERT [dbo].[Product] ([ProductId], [SKU], [Name], [Description], [Price], [CategoryId]) VALUES (N'83e91ab3-4a5b-48ba-9340-b84ad23400d9', 20033, N'Product 20033', N'Product Description Autogenerated 20033', 1500.0000, 2)
GO
INSERT [dbo].[Product] ([ProductId], [SKU], [Name], [Description], [Price], [CategoryId]) VALUES (N'54443137-9739-48fd-9a0d-b85215e5669f', 50030, N'Product 50030', N'Product Description Autogenerated 50030', 1500.0000, 5)
GO
INSERT [dbo].[Product] ([ProductId], [SKU], [Name], [Description], [Price], [CategoryId]) VALUES (N'41acb2bf-62c7-4e43-910f-b8b27b4f6298', 40048, N'Product 40048', N'Product Description Autogenerated 40048', 1500.0000, 4)
GO
INSERT [dbo].[Product] ([ProductId], [SKU], [Name], [Description], [Price], [CategoryId]) VALUES (N'40bbb36b-d870-4dd1-9f88-b9100ba29ab0', 30004, N'Product 30004', N'Product Description Autogenerated 30004', 1500.0000, 3)
GO
INSERT [dbo].[Product] ([ProductId], [SKU], [Name], [Description], [Price], [CategoryId]) VALUES (N'cf0e8105-6692-41a1-b6e6-b9c564669262', 30009, N'Product 30009', N'Product Description Autogenerated 30009', 1500.0000, 3)
GO
INSERT [dbo].[Product] ([ProductId], [SKU], [Name], [Description], [Price], [CategoryId]) VALUES (N'3cb5f860-490a-4365-ae82-ba585700c080', 50046, N'Product 50046', N'Product Description Autogenerated 50046', 1500.0000, 5)
GO
INSERT [dbo].[Product] ([ProductId], [SKU], [Name], [Description], [Price], [CategoryId]) VALUES (N'5779b6a7-518a-40dc-9202-bab0c267162b', 20006, N'Product 20006', N'Product Description Autogenerated 20006', 1500.0000, 2)
GO
INSERT [dbo].[Product] ([ProductId], [SKU], [Name], [Description], [Price], [CategoryId]) VALUES (N'c7e83ae2-b947-4677-9ae4-bab530a84958', 40042, N'Product 40042', N'Product Description Autogenerated 40042', 1500.0000, 4)
GO
INSERT [dbo].[Product] ([ProductId], [SKU], [Name], [Description], [Price], [CategoryId]) VALUES (N'6c050b20-b819-45f8-953e-bb8a8ce37a48', 50048, N'Product 50048', N'Product Description Autogenerated 50048', 1500.0000, 5)
GO
INSERT [dbo].[Product] ([ProductId], [SKU], [Name], [Description], [Price], [CategoryId]) VALUES (N'a6ee249d-2c5b-4860-bdde-bd2ae4d6df3c', 50038, N'Product 50038', N'Product Description Autogenerated 50038', 1500.0000, 5)
GO
INSERT [dbo].[Product] ([ProductId], [SKU], [Name], [Description], [Price], [CategoryId]) VALUES (N'f14ea635-907e-427e-89c6-be7ae9c0174e', 20015, N'Product 20015', N'Product Description Autogenerated 20015', 1500.0000, 2)
GO
INSERT [dbo].[Product] ([ProductId], [SKU], [Name], [Description], [Price], [CategoryId]) VALUES (N'deba39b4-d197-49be-919c-bea736294c62', 50002, N'Product 50002', N'Product Description Autogenerated 50002', 1500.0000, 5)
GO
INSERT [dbo].[Product] ([ProductId], [SKU], [Name], [Description], [Price], [CategoryId]) VALUES (N'ee329f92-9dc8-44fd-a953-c00e169cdb42', 20014, N'Product 20014', N'Product Description Autogenerated 20014', 1500.0000, 2)
GO
INSERT [dbo].[Product] ([ProductId], [SKU], [Name], [Description], [Price], [CategoryId]) VALUES (N'7ee121e0-54ff-4ed3-aa51-c07b71a8ed35', 50004, N'Product 50004', N'Product Description Autogenerated 50004', 1500.0000, 5)
GO
INSERT [dbo].[Product] ([ProductId], [SKU], [Name], [Description], [Price], [CategoryId]) VALUES (N'8563aa1d-dc4c-4266-b687-c19d03322a49', 50019, N'Product 50019', N'Product Description Autogenerated 50019', 1500.0000, 5)
GO
INSERT [dbo].[Product] ([ProductId], [SKU], [Name], [Description], [Price], [CategoryId]) VALUES (N'70c1f13f-3ac6-4da7-8156-c3e0aa9a5902', 30031, N'Product 30031', N'Product Description Autogenerated 30031', 1500.0000, 3)
GO
INSERT [dbo].[Product] ([ProductId], [SKU], [Name], [Description], [Price], [CategoryId]) VALUES (N'4aa2c292-771c-4a96-a1c2-c3e16b4571f9', 40002, N'Product 40002', N'Product Description Autogenerated 40002', 1500.0000, 4)
GO
INSERT [dbo].[Product] ([ProductId], [SKU], [Name], [Description], [Price], [CategoryId]) VALUES (N'1428cf1c-0d9e-4b14-b969-c53a927da603', 40049, N'Product 40049', N'Product Description Autogenerated 40049', 1500.0000, 4)
GO
INSERT [dbo].[Product] ([ProductId], [SKU], [Name], [Description], [Price], [CategoryId]) VALUES (N'0628bf79-eeaa-47c2-85c6-c5a3a7fab614', 30012, N'Product 30012', N'Product Description Autogenerated 30012', 1500.0000, 3)
GO
INSERT [dbo].[Product] ([ProductId], [SKU], [Name], [Description], [Price], [CategoryId]) VALUES (N'b60dba91-5c90-4dad-8c22-c79a3a24b937', 20030, N'Product 20030', N'Product Description Autogenerated 20030', 1500.0000, 2)
GO
INSERT [dbo].[Product] ([ProductId], [SKU], [Name], [Description], [Price], [CategoryId]) VALUES (N'306b464c-82f0-4756-84fe-c9b233a1ba03', 40028, N'Product 40028', N'Product Description Autogenerated 40028', 1500.0000, 4)
GO
INSERT [dbo].[Product] ([ProductId], [SKU], [Name], [Description], [Price], [CategoryId]) VALUES (N'a3556829-a5e8-48e8-a739-cab5acd6167a', 20024, N'Product 20024', N'Product Description Autogenerated 20024', 1500.0000, 2)
GO
INSERT [dbo].[Product] ([ProductId], [SKU], [Name], [Description], [Price], [CategoryId]) VALUES (N'b2418ddf-b11a-41da-8989-cd684f124c5b', 20032, N'Product 20032', N'Product Description Autogenerated 20032', 1500.0000, 2)
GO
INSERT [dbo].[Product] ([ProductId], [SKU], [Name], [Description], [Price], [CategoryId]) VALUES (N'906eff72-9a6d-4e2a-b86f-ce60600cf70f', 20040, N'Product 20040', N'Product Description Autogenerated 20040', 1500.0000, 2)
GO
INSERT [dbo].[Product] ([ProductId], [SKU], [Name], [Description], [Price], [CategoryId]) VALUES (N'3247da71-f83f-4c72-9652-ce90ae498753', 20021, N'Product 20021', N'Product Description Autogenerated 20021', 1500.0000, 2)
GO
INSERT [dbo].[Product] ([ProductId], [SKU], [Name], [Description], [Price], [CategoryId]) VALUES (N'96c1a511-dfb8-4f4b-81be-cf07e94ab612', 10042, N'Product 10042', N'Product Description Autogenerated 10042', 1500.0000, 1)
GO
INSERT [dbo].[Product] ([ProductId], [SKU], [Name], [Description], [Price], [CategoryId]) VALUES (N'bc2dd929-7d19-45e9-acb3-d06faca92608', 20039, N'Product 20039', N'Product Description Autogenerated 20039', 1500.0000, 2)
GO
INSERT [dbo].[Product] ([ProductId], [SKU], [Name], [Description], [Price], [CategoryId]) VALUES (N'df2a0fc8-99f5-496f-8650-d1371a60ce34', 30003, N'Product 30003', N'Product Description Autogenerated 30003', 1500.0000, 3)
GO
INSERT [dbo].[Product] ([ProductId], [SKU], [Name], [Description], [Price], [CategoryId]) VALUES (N'5cff0c86-3c22-4313-888c-d1f16ea35bfb', 10049, N'Product 10049', N'Product Description Autogenerated 10049', 1500.0000, 1)
GO
INSERT [dbo].[Product] ([ProductId], [SKU], [Name], [Description], [Price], [CategoryId]) VALUES (N'7cc3f7f5-a318-4fcd-b0ed-d2528c3c9287', 50015, N'Product 50015', N'Product Description Autogenerated 50015', 1500.0000, 5)
GO
INSERT [dbo].[Product] ([ProductId], [SKU], [Name], [Description], [Price], [CategoryId]) VALUES (N'08e82b9b-41af-44cc-80f4-d407b401ec60', 30005, N'Product 30005', N'Product Description Autogenerated 30005', 1500.0000, 3)
GO
INSERT [dbo].[Product] ([ProductId], [SKU], [Name], [Description], [Price], [CategoryId]) VALUES (N'00c69f3c-b356-4243-a409-d50da14dac1c', 20016, N'Product 20016', N'Product Description Autogenerated 20016', 1500.0000, 2)
GO
INSERT [dbo].[Product] ([ProductId], [SKU], [Name], [Description], [Price], [CategoryId]) VALUES (N'076b00a2-ebc4-412c-b231-d54d428a50d5', 20048, N'Product 20048', N'Product Description Autogenerated 20048', 1500.0000, 2)
GO
INSERT [dbo].[Product] ([ProductId], [SKU], [Name], [Description], [Price], [CategoryId]) VALUES (N'41cd9fd6-645c-433e-a994-d6b3fe9b0e06', 30046, N'Product 30046', N'Product Description Autogenerated 30046', 1500.0000, 3)
GO
INSERT [dbo].[Product] ([ProductId], [SKU], [Name], [Description], [Price], [CategoryId]) VALUES (N'a8be82e0-e9b9-4747-95e2-d871319d8724', 20043, N'Product 20043', N'Product Description Autogenerated 20043', 1500.0000, 2)
GO
INSERT [dbo].[Product] ([ProductId], [SKU], [Name], [Description], [Price], [CategoryId]) VALUES (N'60acef7c-194b-4ac2-b2dd-d8913cd765eb', 50034, N'Product 50034', N'Product Description Autogenerated 50034', 1500.0000, 5)
GO
INSERT [dbo].[Product] ([ProductId], [SKU], [Name], [Description], [Price], [CategoryId]) VALUES (N'02abf369-2308-4ff0-92cf-da63062fb3e0', 50027, N'Product 50027', N'Product Description Autogenerated 50027', 1500.0000, 5)
GO
INSERT [dbo].[Product] ([ProductId], [SKU], [Name], [Description], [Price], [CategoryId]) VALUES (N'85e04016-f453-4b41-b78a-db3dd324ef5f', 10005, N'Product 10005', N'Product Description Autogenerated 10005', 1500.0000, 1)
GO
INSERT [dbo].[Product] ([ProductId], [SKU], [Name], [Description], [Price], [CategoryId]) VALUES (N'288e7330-fbc2-48bf-ba7e-dcad9b85c5a1', 30038, N'Product 30038', N'Product Description Autogenerated 30038', 1500.0000, 3)
GO
INSERT [dbo].[Product] ([ProductId], [SKU], [Name], [Description], [Price], [CategoryId]) VALUES (N'6d2263c9-adbc-400f-b765-dd2288793b76', 10050, N'Product 10050', N'Product Description Autogenerated 10050', 1500.0000, 1)
GO
INSERT [dbo].[Product] ([ProductId], [SKU], [Name], [Description], [Price], [CategoryId]) VALUES (N'00691488-ba47-4021-adf5-de4332e416d2', 40041, N'Product 40041', N'Product Description Autogenerated 40041', 1500.0000, 4)
GO
INSERT [dbo].[Product] ([ProductId], [SKU], [Name], [Description], [Price], [CategoryId]) VALUES (N'c38d8c7e-e50d-431c-a5e0-dee6d7f227c3', 10037, N'Product 10037', N'Product Description Autogenerated 10037', 1500.0000, 1)
GO
INSERT [dbo].[Product] ([ProductId], [SKU], [Name], [Description], [Price], [CategoryId]) VALUES (N'2103b00c-2f9b-4558-a9a3-df5343e3e617', 20031, N'Product 20031', N'Product Description Autogenerated 20031', 1500.0000, 2)
GO
INSERT [dbo].[Product] ([ProductId], [SKU], [Name], [Description], [Price], [CategoryId]) VALUES (N'5733b246-3689-44c1-b1bc-e01f2097f711', 40003, N'Product 40003', N'Product Description Autogenerated 40003', 1500.0000, 4)
GO
INSERT [dbo].[Product] ([ProductId], [SKU], [Name], [Description], [Price], [CategoryId]) VALUES (N'f4023dec-8555-4ddd-9b9b-e1882476372d', 30007, N'Product 30007', N'Product Description Autogenerated 30007', 1500.0000, 3)
GO
INSERT [dbo].[Product] ([ProductId], [SKU], [Name], [Description], [Price], [CategoryId]) VALUES (N'8304b375-68c3-44e4-a173-e190d6e01cbe', 50024, N'Product 50024', N'Product Description Autogenerated 50024', 1500.0000, 5)
GO
INSERT [dbo].[Product] ([ProductId], [SKU], [Name], [Description], [Price], [CategoryId]) VALUES (N'9a69d92d-aca6-463e-94fc-e19fff96e5c7', 10044, N'Product 10044', N'Product Description Autogenerated 10044', 1500.0000, 1)
GO
INSERT [dbo].[Product] ([ProductId], [SKU], [Name], [Description], [Price], [CategoryId]) VALUES (N'70998591-1b12-480a-ae43-e58022b4b9ed', 20046, N'Product 20046', N'Product Description Autogenerated 20046', 1500.0000, 2)
GO
INSERT [dbo].[Product] ([ProductId], [SKU], [Name], [Description], [Price], [CategoryId]) VALUES (N'b46524fc-90aa-4bec-874a-e64f659fdb23', 50021, N'Product 50021', N'Product Description Autogenerated 50021', 1500.0000, 5)
GO
INSERT [dbo].[Product] ([ProductId], [SKU], [Name], [Description], [Price], [CategoryId]) VALUES (N'49967a5d-d420-4937-bd09-e7b75c812969', 50050, N'Product 50050', N'Product Description Autogenerated 50050', 1500.0000, 5)
GO
INSERT [dbo].[Product] ([ProductId], [SKU], [Name], [Description], [Price], [CategoryId]) VALUES (N'72b17a36-511f-46fe-86c2-e7cc0ba4049a', 30017, N'Product 30017', N'Product Description Autogenerated 30017', 1500.0000, 3)
GO
INSERT [dbo].[Product] ([ProductId], [SKU], [Name], [Description], [Price], [CategoryId]) VALUES (N'3f6572f9-3aa4-445f-8621-e7d9d70a9321', 40045, N'Product 40045', N'Product Description Autogenerated 40045', 1500.0000, 4)
GO
INSERT [dbo].[Product] ([ProductId], [SKU], [Name], [Description], [Price], [CategoryId]) VALUES (N'e248a49b-a546-4c88-b3c4-e96592418b28', 50045, N'Product 50045', N'Product Description Autogenerated 50045', 1500.0000, 5)
GO
INSERT [dbo].[Product] ([ProductId], [SKU], [Name], [Description], [Price], [CategoryId]) VALUES (N'54fea531-2d56-4776-9c9e-e9d04c878dcb', 20000, N'Product 20000', N'Product Description Autogenerated 20000', 1500.0000, 2)
GO
INSERT [dbo].[Product] ([ProductId], [SKU], [Name], [Description], [Price], [CategoryId]) VALUES (N'989b9989-4b5e-4a8e-95a0-e9e0cb3ffb2d', 30001, N'Product 30001', N'Product Description Autogenerated 30001', 1500.0000, 3)
GO
INSERT [dbo].[Product] ([ProductId], [SKU], [Name], [Description], [Price], [CategoryId]) VALUES (N'f00997c0-34e8-48eb-97e5-ebe075976a31', 40035, N'Product 40035', N'Product Description Autogenerated 40035', 1500.0000, 4)
GO
INSERT [dbo].[Product] ([ProductId], [SKU], [Name], [Description], [Price], [CategoryId]) VALUES (N'511c75c1-c21d-479f-aa71-ec9f2c6901df', 30027, N'Product 30027', N'Product Description Autogenerated 30027', 1500.0000, 3)
GO
INSERT [dbo].[Product] ([ProductId], [SKU], [Name], [Description], [Price], [CategoryId]) VALUES (N'e2f99e29-8c98-4e83-9296-ecf2823b6d0c', 20013, N'Product 20013', N'Product Description Autogenerated 20013', 1500.0000, 2)
GO
INSERT [dbo].[Product] ([ProductId], [SKU], [Name], [Description], [Price], [CategoryId]) VALUES (N'39a7c32b-1588-499c-af5e-ed2e1916eff4', 40026, N'Product 40026', N'Product Description Autogenerated 40026', 1500.0000, 4)
GO
INSERT [dbo].[Product] ([ProductId], [SKU], [Name], [Description], [Price], [CategoryId]) VALUES (N'7f8a0d28-2576-4cf5-9fb8-ee572be65816', 40032, N'Product 40032', N'Product Description Autogenerated 40032', 1500.0000, 4)
GO
INSERT [dbo].[Product] ([ProductId], [SKU], [Name], [Description], [Price], [CategoryId]) VALUES (N'ca7ac3fd-1963-45d8-b1a2-ef63f02e1aa9', 10039, N'Product 10039', N'Product Description Autogenerated 10039', 1500.0000, 1)
GO
INSERT [dbo].[Product] ([ProductId], [SKU], [Name], [Description], [Price], [CategoryId]) VALUES (N'19c3fccf-5405-49f6-84ed-f1d48b58dc36', 50031, N'Product 50031', N'Product Description Autogenerated 50031', 1500.0000, 5)
GO
INSERT [dbo].[Product] ([ProductId], [SKU], [Name], [Description], [Price], [CategoryId]) VALUES (N'7a52e9c6-1caa-42c9-b0ef-f3df1969025d', 30037, N'Product 30037', N'Product Description Autogenerated 30037', 1500.0000, 3)
GO
INSERT [dbo].[Product] ([ProductId], [SKU], [Name], [Description], [Price], [CategoryId]) VALUES (N'428a8ae2-6840-49fe-bf2d-f54f82bd5c0e', 30035, N'Product 30035', N'Product Description Autogenerated 30035', 1500.0000, 3)
GO
INSERT [dbo].[Product] ([ProductId], [SKU], [Name], [Description], [Price], [CategoryId]) VALUES (N'97925a08-e601-4e00-addc-f78b8c23521b', 20038, N'Product 20038', N'Product Description Autogenerated 20038', 1500.0000, 2)
GO
INSERT [dbo].[Product] ([ProductId], [SKU], [Name], [Description], [Price], [CategoryId]) VALUES (N'77c59ca1-6f52-45a6-ac56-f9fcd349d867', 50047, N'Product 50047', N'Product Description Autogenerated 50047', 1500.0000, 5)
GO
INSERT [dbo].[Product] ([ProductId], [SKU], [Name], [Description], [Price], [CategoryId]) VALUES (N'5e2fff8b-c94c-4719-bcc5-fd037eb9997e', 20020, N'Product 20020', N'Product Description Autogenerated 20020', 1500.0000, 2)
GO
INSERT [dbo].[Product] ([ProductId], [SKU], [Name], [Description], [Price], [CategoryId]) VALUES (N'9f7cfbac-e8cc-424b-a31c-ff3b56188af5', 30042, N'Product 30042', N'Product Description Autogenerated 30042', 1500.0000, 3)
GO
SET IDENTITY_INSERT [dbo].[FeaturedProductRange] ON 
GO
INSERT [dbo].[FeaturedProductRange] ([Id], [ProductSkuRange]) VALUES (1, N'1xxxx')
GO
INSERT [dbo].[FeaturedProductRange] ([Id], [ProductSkuRange]) VALUES (2, N'2xxxx')
GO
INSERT [dbo].[FeaturedProductRange] ([Id], [ProductSkuRange]) VALUES (3, N'3xxxx')
GO
SET IDENTITY_INSERT [dbo].[FeaturedProductRange] OFF
GO
